Name,Passed,Failed,Incomplete,Duration,Details
test_b1_component_pilot_v2/testConservationRealDq,1,0,0,4.6780244,
test_b1_component_pilot_v2/testGapsInvalidAndPartial,1,0,0,0.0647808,
test_b1_component_pilot_v2/testMatchedWidths,1,0,0,0.0501492,
test_b1_component_pilot_v2/testExistingExtractorFixedBinCompatibility,1,0,0,4.0800195,
test_b1_component_pilot_v2/testModelsAndContracts,1,0,0,3.9622781,
test_b1_component_pilot_v2/testNoCacheReadOrWriteAndExplicitIdentity,1,0,0,21.1095707,
test_qe_dq_calibration/testTenWPathInfersCorrectMomentumStep,1,0,0,0.4815656,
test_qe_dq_calibration/testTwentyWPathInfersCorrectMomentumStep,1,0,0,0.0651429,
test_qe_dq_calibration/testExplicitDqOverrideStillWins,1,0,0,0.0486413,
test_load_qe_dataset_cache/testRawCacheInvalidatesWhenQCropChanges,1,0,0,5.8923698,
PeakFwhmMeasurementTest/lorentzCurveReturnsExpectedFwhm,1,0,0,0.0429015,
PeakFwhmMeasurementTest/asymmetricCurveUsesLocalContrastHalfMaximum,1,0,0,0.0423367,
test_b1_double_peak_binning_workflow/testMandatoryDoublePeakExtractionCoversLowQ,1,0,0,1.0194787,
test_b1_double_peak_binning_workflow/testLowSnrRegionBinsBeforeDoublePeakFit,1,0,0,0.308245,
test_b1_double_peak_binning_workflow/testLowQNoiseIsProtectedFromBinning,1,0,0,0.2952824,
test_b1_double_peak_binning_workflow/testNoiseThresholdIsAutoPerDatasetUnlessOverridden,1,0,0,0.9647327,
test_b1_double_peak_binning_workflow/testDenoisedFitPathRecordsFitSpectrumSource,1,0,0,0.3375037,
test_b1_double_peak_binning_workflow/testAdaptiveAbsQDenoiseUsesStrongerHighQWindow,1,0,0,0.2499698,
test_b1_double_peak_binning_workflow/testHighQForceBinningOverridesConservativeNoiseThreshold,1,0,0,0.2235078,
test_b1_double_peak_binning_workflow/testBalancedHighQBin7KeepsLowQProtectedAndRecordsProvenance,1,0,0,0.6869032,
test_b1_double_peak_binning_workflow/testLorentzPropagatedTrackingRecordsModeAndModel,1,0,0,0.2463343,
test_b1_double_peak_binning_workflow/testPropagatedTrackingReducesSpuriousJump,1,0,0,0.7902204,
test_b1_double_peak_binning_workflow/testWorkflowScriptDeclaresRequiredOutputsAndNoFallback,1,0,0,0.070088,
test_b1_double_peak_binning_workflow/testResultIndexDocumentsCurrent300WindowAndDeprecated500Outputs,1,0,0,0.0328926,
test_b1_double_peak_binning_workflow/testB1FitScriptsExposeCustomBranchInputsWithoutChangingDefaults,1,0,0,0.0491618,
test_b1_double_peak_binning_workflow/testBalancedHighQBin7LorentzTrackingScriptDeclaresPlan,1,0,0,0.028894,
test_b1_double_peak_binning_workflow/testWindowInvalidFallbackUsesDoublePeakAndLogsRepair,1,0,0,0.7659994,
test_b1_double_peak_binning_workflow/testJumpRepairKeepsPointAndLogsOriginalEnergy,1,0,0,0.3501831,
test_b1_double_peak_binning_workflow/testUntil300ScriptUsesHardGateAndDoesNotFitAboveGate,1,0,0,0.0543512,
test_b1_double_peak_binning_workflow/testUpperStabilityMetricsDetectMediumJumpsAndOverbroadUpper,1,0,0,0.1040468,
test_b1_double_peak_binning_workflow/testUpperQualityRetryRejectsOverbroadLorentzWithoutSingleFallback,1,0,0,0.7575382,
test_b1_double_peak_binning_workflow/testUpperStabilityScriptDeclaresGateAndNoFitAboveGate,1,0,0,0.0546966,
test_b1_double_peak_binning_workflow/testRidgeReferenceFindsContinuousSyntheticBranches,1,0,0,0.2523449,
test_b1_double_peak_binning_workflow/testCandidatePathSelectionPrefersContinuousPathOverBestR2Outlier,1,0,0,0.3472476,
test_b1_double_peak_binning_workflow/testRapidRisePlateauPathKeepsSmallQAnchorAndAllowsFastRise,1,0,0,0.1812083,
test_b1_double_peak_binning_workflow/testRapidRisePlateauPathRejectsIsolatedUpperSpike,1,0,0,0.1454114,
test_b1_double_peak_binning_workflow/testRidgeGuidedExtractionRecordsCandidatesAndUsesLorentz,1,0,0,5.8068491,
test_b1_double_peak_binning_workflow/testWeakSecondLorentzCanBeKeptForFailureRetry,1,0,0,0.2922842,
test_b1_double_peak_binning_workflow/testRidgeGuidedScriptDeclaresClean300ReferencesAndTemplateOnly,1,0,0,0.0724143,
test_b1_double_peak_binning_workflow/testRidgeGuidedFailureRetryScriptDeclaresTargetedNoFitWorkflow,1,0,0,0.0353794,
test_b1_double_peak_binning_workflow/testUpperRapidRisePlateauScriptDeclaresNoFitWorkflow,1,0,0,0.0614219,
